,Date,Open,High,Low,Close,Adj.Close,Volume,mean_5_before,percent_before,mean_5_after,percent_after
1,4/2/2020,0.001868,0.00194,0.00185,0.001882,0.001882,165879605,NA,NA,2.45E-05,5.207226355
2,4/3/2020,0.001883,0.001916,0.001834,0.001853,0.001853,161121845,NA,NA,3.60E-05,7.771181867
3,4/4/2020,0.001853,0.00191,0.001841,0.00188,0.00188,160849686,NA,NA,3.30E-05,7.021276596
4,4/5/2020,0.00188,0.001909,0.001847,0.001865,0.001865,152557918,NA,NA,3.90E-05,8.36461126
5,4/6/2020,0.001866,0.001983,0.001852,0.00198,0.00198,173173223,2.45E-05,5.207226355,-3.00E-06,-0.606060606
6,4/7/2020,0.001972,0.00203,0.001934,0.001997,0.001997,129399793,3.60E-05,7.771181867,-1.75E-06,-0.350525789
7,4/8/2020,0.001986,0.002044,0.00196,0.002012,0.002012,116283369,3.30E-05,7.021276596,-5.50E-06,-1.093439364
8,4/9/2020,0.002013,0.002033,0.001985,0.002021,0.002021,109954538,3.90E-05,8.36461126,-1.55E-05,-3.067788224
9,4/10/2020,0.002021,0.002023,0.001891,0.001968,0.001968,122108790,-3.00E-06,-0.606060606,-1.00E-06,-0.203252033
10,4/11/2020,0.001968,0.002004,0.001941,0.00199,0.00199,161367396,-1.75E-06,-0.350525789,-1.25E-05,-2.512562814
11,4/12/2020,0.001989,0.002009,0.001951,0.00199,0.00199,169892709,-5.50E-06,-1.093439364,9.50E-06,1.909547739
12,4/13/2020,0.00199,0.00199,0.001894,0.001959,0.001959,167357650,-1.55E-05,-3.067788224,1.73E-05,3.522205207
13,4/14/2020,0.001958,0.00198,0.001935,0.001964,0.001964,188937615,-1.00E-06,-0.203252033,2.43E-05,4.938900204
14,4/15/2020,0.001963,0.001975,0.001906,0.00194,0.00194,169903672,-1.25E-05,-2.512562814,2.95E-05,6.082474227
15,4/16/2020,0.001941,0.002029,0.001886,0.002028,0.002028,179859738,9.50E-06,1.909547739,-1.15E-05,-2.268244576
16,4/17/2020,null,null,null,null,null,null,1.73E-05,3.522205207,-1.42E-05,-2.810650888
17,4/18/2020,0.002013,0.002062,0.002007,0.002061,0.002061,168186509,2.43E-05,4.938900204,-1.25E-05,-2.426006793
18,4/19/2020,0.00206,0.002073,0.002028,0.002058,0.002058,172576560,2.95E-05,6.082474227,-2.75E-06,-0.534499514
19,4/20/2020,0.002058,0.002066,0.001962,0.001982,0.001982,169715146,-1.15E-05,-2.268244576,3.03E-05,6.104944501
20,4/21/2020,0.001982,0.002032,0.001952,0.001971,0.001971,163652750,-1.42E-05,-2.810650888,4.27E-05,8.675799087
21,4/22/2020,0.001971,0.002033,0.001964,0.002011,0.002011,163753943,-1.25E-05,-2.426006793,9.95E-05,19.79114868
22,4/23/2020,0.002011,0.002123,0.002005,0.002047,0.002047,179000350,-2.75E-06,-0.534499514,7.70E-05,15.04640938
23,4/24/2020,0.002047,0.002121,0.002042,0.002103,0.002103,209562151,3.03E-05,6.104944501,5.90E-05,11.22206372
24,4/25/2020,0.002102,0.002146,0.002087,0.002142,0.002142,229810398,4.27E-05,8.675799087,9.38E-05,17.5070028
25,4/26/2020,0.002141,0.002444,0.002136,0.002409,0.002409,287859775,9.95E-05,19.79114868,8.50E-06,1.411374014
26,4/27/2020,0.00241,0.002414,0.002308,0.002355,0.002355,276033020,7.70E-05,15.04640938,3.48E-05,5.902335456
27,4/28/2020,0.002354,0.002372,0.002322,0.002339,0.002339,254905520,5.90E-05,11.22206372,5.25E-05,8.97819581
28,4/29/2020,0.002339,0.002542,0.002331,0.002517,0.002517,295698249,9.38E-05,17.5070028,-1.75E-06,-0.27810886
29,4/30/2020,0.002517,0.002689,0.002392,0.002443,0.002443,298563815,8.50E-06,1.411374014,9.50E-06,1.555464593
30,5/1/2020,0.002444,0.002559,0.002441,0.002494,0.002494,282886977,3.48E-05,5.902335456,-2.50E-06,-0.40096231
31,5/2/2020,0.002495,0.002553,0.002473,0.002549,0.002549,269155283,5.25E-05,8.97819581,-5.00E-06,-0.78462142
32,5/3/2020,0.002548,0.002583,0.00248,0.00251,0.00251,265156925,-1.75E-06,-0.27810886,3.85E-05,6.135458167
33,5/4/2020,0.002511,0.002519,0.002389,0.002481,0.002481,261454253,9.50E-06,1.555464593,3.60E-05,5.804111245
34,5/5/2020,0.002481,0.002521,0.002449,0.002484,0.002484,245861118,-2.50E-06,-0.40096231,3.22E-05,5.193236715
35,5/6/2020,0.002483,0.002583,0.002473,0.002529,0.002529,251393346,-5.00E-06,-0.78462142,-1.75E-05,-2.767892448
36,5/7/2020,0.002518,0.002678,0.002479,0.002664,0.002664,284491226,3.85E-05,6.135458167,-6.28E-05,-9.421921922
37,5/8/2020,0.002659,0.002672,0.002594,0.002625,0.002625,291757355,3.60E-05,5.804111245,-4.05E-05,-6.171428571
38,5/9/2020,0.002622,0.002634,0.002565,0.002613,0.002613,294993696,3.22E-05,5.193236715,-2.30E-05,-3.520857252
39,5/10/2020,0.002611,0.002613,0.00236,0.002459,0.002459,290801097,-1.75E-05,-2.767892448,2.88E-05,4.676697845
40,5/11/2020,0.002457,0.002512,0.002338,0.002413,0.002413,277646033,-6.28E-05,-9.421921922,2.32E-05,3.854123498
41,5/12/2020,0.002413,0.002513,0.002406,0.002463,0.002463,262934538,-4.05E-05,-6.171428571,1.25E-05,2.030044661
42,5/13/2020,0.002464,0.002528,0.002458,0.002521,0.002521,265878080,-2.30E-05,-3.520857252,4.25E-06,0.674335581
43,5/14/2020,0.002518,0.002623,0.002512,0.002574,0.002574,283778649,2.88E-05,4.676697845,-7.75E-06,-1.204351204
44,5/15/2020,0.002574,0.002577,0.002487,0.002506,0.002506,261080156,2.32E-05,3.854123498,8.00E-06,1.276935355
45,5/16/2020,0.002507,0.002534,0.002484,0.002513,0.002513,254666485,1.25E-05,2.030044661,-1.25E-06,-0.19896538
46,5/17/2020,0.002512,0.002578,0.002509,0.002538,0.002538,258469067,4.25E-06,0.674335581,-1.33E-05,-2.088258471
47,5/18/2020,0.002537,0.002587,0.002513,0.002543,0.002543,265626959,-7.75E-06,-1.204351204,-2.50E-06,-0.393236335
48,5/19/2020,0.002544,0.002565,0.002501,0.002538,0.002538,182890489,8.00E-06,1.276935355,1.50E-06,0.236406619
49,5/20/2020,0.002539,0.002563,0.002487,0.002508,0.002508,178925411,-1.25E-06,-0.19896538,-1.25E-05,-1.993620415
50,5/21/2020,0.00251,0.002549,0.002423,0.002485,0.002485,200924557,-1.33E-05,-2.088258471,1.38E-05,2.213279678
51,5/22/2020,0.002486,0.002543,0.002473,0.002533,0.002533,215355485,-2.50E-06,-0.393236335,-1.18E-05,-1.855507304
52,5/23/2020,0.002533,0.002565,0.002499,0.002544,0.002544,208878705,1.50E-06,0.236406619,-8.50E-06,-1.336477987
53,5/24/2020,0.002544,0.002561,0.002451,0.002458,0.002458,186657328,-1.25E-05,-1.993620415,1.65E-05,2.685109845
54,5/25/2020,0.002456,0.002546,0.002435,0.00254,0.00254,214669452,1.38E-05,2.213279678,-2.00E-06,-0.31496063
55,5/26/2020,0.002539,0.002542,0.002472,0.002486,0.002486,185485979,-1.18E-05,-1.855507304,3.23E-05,5.189058729
56,5/27/2020,0.002486,0.002529,0.002472,0.00251,0.00251,186186772,-8.50E-06,-1.336477987,1.13E-05,1.792828685
57,5/28/2020,0.002512,0.002559,0.002495,0.002524,0.002524,220213442,1.65E-05,2.685109845,3.08E-05,4.873217116
58,5/29/2020,0.002524,0.002549,0.002504,0.002532,0.002532,200485433,-2.00E-06,-0.31496063,7.25E-06,1.145339652
59,5/30/2020,0.002531,0.002626,0.002523,0.002615,0.002615,200708874,3.23E-05,5.189058729,-8.00E-06,-1.223709369
60,5/31/2020,0.002615,0.002617,0.002549,0.002555,0.002555,188184731,1.13E-05,1.792828685,1.90E-05,2.974559687
61,6/1/2020,0.002555,0.002662,0.002553,0.002647,0.002647,195748335,3.08E-05,4.873217116,-1.28E-05,-1.926709482
62,6/2/2020,0.002647,0.002655,0.00252,0.002561,0.002561,200119264,7.25E-06,1.145339652,6.50E-06,1.015228426
63,6/3/2020,0.002562,0.002598,0.002546,0.002583,0.002583,190021630,-8.00E-06,-1.223709369,5.75E-06,0.890437476
64,6/4/2020,0.002583,0.002669,0.002571,0.002631,0.002631,194078582,1.90E-05,2.974559687,-1.18E-05,-1.786393006
65,6/5/2020,0.002632,0.002634,0.00258,0.002596,0.002596,188846627,-1.28E-05,-1.926709482,-6.75E-06,-1.040061633
66,6/6/2020,0.002595,0.002606,0.002566,0.002587,0.002587,175988365,6.50E-06,1.015228426,-7.50E-07,-0.115964438
67,6/7/2020,0.002587,0.002609,0.002558,0.002606,0.002606,188151455,5.75E-06,0.890437476,-3.85E-05,-5.909439754
68,6/8/2020,0.002606,0.002607,0.002561,0.002584,0.002584,187140783,-1.18E-05,-1.786393006,-1.60E-05,-2.476780186
69,6/9/2020,0.002584,0.002587,0.002517,0.002569,0.002569,175910197,-6.75E-06,-1.040061633,-9.00E-06,-1.401323472
70,6/10/2020,0.002569,0.002595,0.002553,0.002584,0.002584,182748021,-7.50E-07,-0.115964438,-1.82E-05,-2.825077399
71,6/11/2020,0.002584,0.002602,0.002429,0.002452,0.002452,183212798,-3.85E-05,-5.909439754,6.75E-06,1.101141925
72,6/12/2020,0.002455,0.002533,0.002447,0.00252,0.00252,194920048,-1.60E-05,-2.476780186,-8.25E-06,-1.30952381
73,6/13/2020,0.00252,0.002541,0.002501,0.002533,0.002533,188981850,-9.00E-06,-1.401323472,-1.20E-05,-1.894986182
74,6/14/2020,0.002533,0.002554,0.002501,0.002511,0.002511,173334481,-1.82E-05,-2.825077399,-9.75E-06,-1.553166069
75,6/15/2020,0.00251,0.002516,0.002407,0.002479,0.002479,198803041,6.75E-06,1.101141925,-1.10E-05,-1.774909238
76,6/16/2020,0.002479,0.00253,0.002434,0.002487,0.002487,196212619,-8.25E-06,-1.30952381,-1.00E-05,-1.60836349
77,6/17/2020,0.00249,0.002492,0.002458,0.002485,0.002485,185083517,-1.20E-05,-1.894986182,-9.50E-06,-1.52917505
78,6/18/2020,0.002485,0.002493,0.002447,0.002472,0.002472,171388606,-9.75E-06,-1.553166069,5.00E-07,0.080906149
79,6/19/2020,0.002471,0.002472,0.00243,0.002435,0.002435,173280984,-1.10E-05,-1.774909238,1.23E-05,2.012320329
80,6/20/2020,0.002435,0.002466,0.002419,0.002447,0.002447,158275082,-1.00E-05,-1.60836349,-4.25E-06,-0.694728239
81,6/21/2020,0.002447,0.002478,0.002441,0.002447,0.002447,169917761,-9.50E-06,-1.52917505,-7.50E-06,-1.225991009
82,6/22/2020,0.002447,0.002495,0.002443,0.002474,0.002474,173530825,5.00E-07,0.080906149,-2.88E-05,-4.648342765
83,6/23/2020,0.002474,0.002492,0.002457,0.002484,0.002484,171604774,1.23E-05,2.012320329,-4.28E-05,-6.884057971
84,6/24/2020,0.002483,0.002497,0.002389,0.00243,0.00243,178380748,-4.25E-06,-0.694728239,-2.60E-05,-4.279835391
85,6/25/2020,0.00243,0.002433,0.00239,0.002417,0.002417,160003354,-7.50E-06,-1.225991009,-2.60E-05,-4.302854779
86,6/26/2020,0.002417,0.002427,0.002359,0.002359,0.002359,151319087,-2.88E-05,-4.648342765,-9.75E-06,-1.6532429
87,6/27/2020,0.002359,0.002379,0.002294,0.002313,0.002313,152534000,-4.28E-05,-6.884057971,1.03E-05,1.77258971
88,6/28/2020,0.002313,0.002361,0.002283,0.002326,0.002326,172693834,-2.60E-05,-4.279835391,8.75E-06,1.504729149
89,6/29/2020,0.002326,0.002341,0.002301,0.002313,0.002313,172655788,-2.60E-05,-4.302854779,7.50E-07,0.129701686
90,6/30/2020,0.002311,0.00234,0.002297,0.00232,0.00232,165641131,-9.75E-06,-1.6532429,-2.75E-06,-0.474137931
91,7/1/2020,0.00232,0.002376,0.002301,0.002354,0.002354,152549214,1.03E-05,1.77258971,-1.13E-05,-1.911639762
92,7/2/2020,0.00233,0.002382,0.002302,0.002361,0.002361,110789127,8.75E-06,1.504729149,6.38E-05,10.80050826
93,7/3/2020,0.002361,0.002366,0.002304,0.002316,0.002316,111575143,7.50E-07,0.129701686,0.0001935,33.41968912
94,7/4/2020,0.002315,0.00234,0.002289,0.002309,0.002309,109218071,-2.75E-06,-0.474137931,0.00061025,105.7167605
95,7/5/2020,0.002307,0.002327,0.002277,0.002309,0.002309,110140542,-1.13E-05,-1.911639762,0.000522,90.42875704
96,7/6/2020,0.002309,0.002624,0.002302,0.002616,0.002616,132105139,6.38E-05,10.80050826,0.00022475,34.36544343
97,7/7/2020,0.002614,0.003259,0.0026,0.00309,0.00309,283970310,0.0001935,33.41968912,0.00018025,23.33333333
98,7/8/2020,0.003097,0.00542,0.003061,0.00475,0.00475,1226813925,0.00061025,105.7167605,-0.00028,-23.57894737
99,7/9/2020,0.004732,0.005014,0.004148,0.004397,0.004397,511315527,0.000522,90.42875704,-0.00030475,-27.72344781
100,7/10/2020,0.004394,0.004394,0.003438,0.003515,0.003515,225424869,0.00022475,34.36544343,-5.53E-05,-6.287339972
101,7/11/2020,0.003528,0.00392,0.003476,0.003811,0.003811,155299369,0.00018025,23.33333333,-0.0001815,-19.05011808
102,7/12/2020,0.003811,0.003844,0.003614,0.00363,0.00363,87562043,-0.00028,-23.57894737,-0.00015875,-17.49311295
103,7/13/2020,0.00363,0.003636,0.003059,0.003178,0.003178,143177055,-0.00030475,-27.72344781,-2.93E-05,-3.68156073
104,7/14/2020,0.003169,0.003369,0.003061,0.003294,0.003294,103213409,-5.53E-05,-6.287339972,4.48E-05,5.434122647
105,7/15/2020,0.003287,0.003303,0.003074,0.003085,0.003085,69399827,-0.0001815,-19.05011808,7.43E-05,9.627228525
106,7/16/2020,0.003086,0.003098,0.002893,0.002995,0.002995,78457844,-0.00015875,-17.49311295,6.10E-05,8.146911519
107,7/17/2020,0.002991,0.003084,0.002937,0.003061,0.003061,74705371,-2.93E-05,-3.68156073,6.10E-05,7.971251225
108,7/18/2020,0.00306,0.003629,0.003031,0.003473,0.003473,204080851,4.48E-05,5.434122647,-4.70E-05,-5.413187446
109,7/19/2020,0.003464,0.003753,0.003329,0.003382,0.003382,116746163,7.43E-05,9.627228525,-2.18E-05,-2.572442342
110,7/20/2020,0.003383,0.003433,0.003167,0.003239,0.003239,81038624,6.10E-05,8.146911519,-4.75E-06,-0.586600803
111,7/21/2020,0.003232,0.003309,0.003187,0.003305,0.003305,77748189,6.10E-05,7.971251225,-1.78E-05,-2.148260212
112,7/22/2020,0.003302,0.003304,0.003221,0.003285,0.003285,54443238,-4.70E-05,-5.413187446,-1.25E-05,-1.522070015
113,7/23/2020,0.003283,0.003321,0.003265,0.003295,0.003295,58737115,-2.18E-05,-2.572442342,-3.55E-05,-4.309559939
114,7/24/2020,0.003295,0.003323,0.003177,0.00322,0.00322,58910215,-4.75E-06,-0.586600803,-5.75E-06,-0.714285714
115,7/25/2020,0.003219,0.003295,0.003189,0.003234,0.003234,63203396,-1.78E-05,-2.148260212,-1.05E-05,-1.298701299
116,7/26/2020,0.003238,0.00327,0.003184,0.003235,0.003235,62592233,-1.25E-05,-1.522070015,-1.00E-06,-0.123647604
117,7/27/2020,0.003234,0.003243,0.00304,0.003153,0.003153,83138808,-3.55E-05,-4.309559939,1.80E-05,2.283539486
118,7/28/2020,0.003155,0.003219,0.003132,0.003197,0.003197,63084930,-5.75E-06,-0.714285714,0.000123,15.38942759
119,7/29/2020,0.003198,0.003262,0.003175,0.003192,0.003192,55817191,-1.05E-05,-1.298701299,3.60E-05,4.511278195
120,7/30/2020,0.003192,0.003244,0.003163,0.003231,0.003231,53506822,-1.00E-06,-0.123647604,3.95E-05,4.890126896
121,7/31/2020,0.003229,0.00324,0.003181,0.003225,0.003225,54497306,1.80E-05,2.283539486,7.75E-05,9.612403101
122,8/1/2020,0.003225,0.003797,0.003203,0.003689,0.003689,150687884,0.000123,15.38942759,-4.40E-05,-4.770940634
123,8/2/2020,0.003696,0.003736,0.003266,0.003336,0.003336,101249531,3.60E-05,4.511278195,5.60E-05,6.714628297
124,8/3/2020,0.003336,0.003441,0.003308,0.003389,0.003389,66931510,3.95E-05,4.890126896,3.60E-05,4.249041015
125,8/4/2020,0.003389,0.003561,0.003376,0.003535,0.003535,74386428,7.75E-05,9.612403101,-6.25E-06,-0.707213579
126,8/5/2020,0.003543,0.003577,0.003485,0.003513,0.003513,66465690,-4.40E-05,-4.770940634,-1.25E-05,-1.423284942
127,8/6/2020,0.003517,0.003636,0.003461,0.00356,0.00356,62944678,5.60E-05,6.714628297,-1.53E-05,-1.713483146
128,8/7/2020,0.003563,0.003611,0.003425,0.003533,0.003533,68990009,3.60E-05,4.249041015,-3.48E-05,-3.934333428
129,8/8/2020,0.003534,0.003536,0.003453,0.00351,0.00351,62509900,-6.25E-06,-0.707213579,-6.50E-06,-0.740740741
130,8/9/2020,0.003508,0.003533,0.00343,0.003463,0.003463,57020040,-1.25E-05,-1.423284942,1.35E-05,1.559341611
131,8/10/2020,0.003468,0.003557,0.003454,0.003499,0.003499,68038181,-1.53E-05,-1.713483146,1.55E-05,1.771934839
132,8/11/2020,0.003495,0.003571,0.003346,0.003394,0.003394,78539442,-3.48E-05,-3.934333428,3.63E-05,4.272245138
133,8/12/2020,0.003397,0.003534,0.003341,0.003484,0.003484,70865885,-6.50E-06,-0.740740741,1.00E-05,1.148105626
134,8/13/2020,0.003483,0.003549,0.003365,0.003517,0.003517,73302994,1.35E-05,1.559341611,1.85E-05,2.104065965
135,8/14/2020,0.003514,0.003579,0.003476,0.003561,0.003561,61334640,1.55E-05,1.771934839,-1.17E-05,-1.319853974
136,8/15/2020,0.003563,0.003607,0.0035,0.003539,0.003539,64309678,3.63E-05,4.272245138,-2.88E-05,-3.24950551
137,8/16/2020,0.00354,0.003552,0.003469,0.003524,0.003524,52637926,1.00E-05,1.148105626,-1.63E-05,-1.844494892
138,8/17/2020,0.003524,0.003718,0.0035,0.003591,0.003591,77628715,1.85E-05,2.104065965,-4.95E-05,-5.513784461
139,8/18/2020,0.003593,0.003709,0.003483,0.003514,0.003514,62570291,-1.17E-05,-1.319853974,-1.80E-05,-2.048947069
140,8/19/2020,0.003508,0.003538,0.003368,0.003424,0.003424,53306857,-2.88E-05,-3.24950551,-2.50E-06,-0.292056075
141,8/20/2020,0.003424,0.003499,0.00339,0.003459,0.003459,43536656,-1.63E-05,-1.844494892,-1.03E-05,-1.185313674
142,8/21/2020,0.003457,0.003554,0.003389,0.003393,0.003393,60621268,-4.95E-05,-5.513784461,-2.20E-05,-2.593575007
143,8/22/2020,0.003392,0.003447,0.003354,0.003442,0.003442,44884852,-1.80E-05,-2.048947069,-3.48E-05,-4.038349797
144,8/23/2020,0.003438,0.003453,0.003388,0.003414,0.003414,39485548,-2.50E-06,-0.292056075,-5.28E-05,-6.180433509
145,8/24/2020,0.00341,0.003465,0.003386,0.003418,0.003418,46470522,-1.03E-05,-1.185313674,-3.75E-05,-4.388531305
146,8/25/2020,0.003418,0.003434,0.003239,0.003305,0.003305,76826314,-2.20E-05,-2.593575007,-5.75E-06,-0.69591528
147,8/26/2020,0.003301,0.003345,0.003251,0.003303,0.003303,80416711,-3.48E-05,-4.038349797,-7.50E-07,-0.090826521
148,8/27/2020,0.0033,0.003314,0.003165,0.003203,0.003203,89847093,-5.28E-05,-6.180433509,4.50E-06,0.56197315
149,8/28/2020,0.003203,0.003271,0.003182,0.003268,0.003268,64056957,-3.75E-05,-4.388531305,-3.00E-06,-0.367197062
150,8/29/2020,0.003267,0.003301,0.003242,0.003282,0.003282,78149363,-5.75E-06,-0.69591528,-4.00E-05,-4.875076173
151,8/30/2020,0.003284,0.003344,0.003274,0.0033,0.0033,79325829,-7.50E-07,-0.090826521,-0.0001245,-15.09090909
152,8/31/2020,0.003301,0.003308,0.003204,0.003221,0.003221,85369757,4.50E-06,0.56197315,-8.05E-05,-9.996895374
153,9/1/2020,0.00322,0.003281,0.003194,0.003256,0.003256,81863764,-3.00E-06,-0.367197062,-0.0001245,-15.29484029
154,9/2/2020,0.003258,0.003266,0.003065,0.003122,0.003122,56647412,-4.00E-05,-4.875076173,-8.38E-05,-10.73030109
155,9/3/2020,0.003122,0.003134,0.00279,0.002802,0.002802,59904548,-0.0001245,-15.09090909,2.25E-06,0.321199143
156,9/4/2020,0.002799,0.002958,0.002753,0.002899,0.002899,53434717,-8.05E-05,-9.996895374,-3.58E-05,-4.932735426
157,9/5/2020,0.0029,0.002934,0.00272,0.002758,0.002758,62295889,-0.0001245,-15.29484029,5.25E-06,0.76142132
158,9/6/2020,0.002758,0.002814,0.002704,0.002787,0.002787,89557154,-8.38E-05,-10.73030109,4.50E-06,0.645855759
159,9/7/2020,0.002787,0.002832,0.002708,0.002811,0.002811,102610335,2.25E-06,0.321199143,-1.25E-06,-0.177872643
160,9/8/2020,0.00282,0.002834,0.0027,0.002756,0.002756,57144396,-3.58E-05,-4.932735426,1.57E-05,2.285921626
161,9/9/2020,0.002758,0.002807,0.002704,0.002779,0.002779,77050464,5.25E-06,0.76142132,-7.50E-07,-0.107952501
162,9/10/2020,0.002792,0.002859,0.002752,0.002805,0.002805,104276032,4.50E-06,0.645855759,-5.00E-07,-0.071301248
163,9/11/2020,0.002805,0.002825,0.002742,0.002806,0.002806,134077501,-1.25E-06,-0.177872643,6.50E-06,0.926585887
164,9/12/2020,0.002802,0.002831,0.002781,0.002819,0.002819,117125272,1.57E-05,2.285921626,1.75E-06,0.248315005
165,9/13/2020,0.002819,0.002824,0.002746,0.002776,0.002776,124253232,-7.50E-07,-0.107952501,9.50E-06,1.368876081
166,9/14/2020,0.002776,0.002843,0.002742,0.002803,0.002803,128520946,-5.00E-07,-0.071301248,2.50E-07,0.035676061
167,9/15/2020,0.002799,0.002878,0.002785,0.002832,0.002832,100194174,6.50E-06,0.926585887,-9.50E-06,-1.34180791
168,9/16/2020,0.002831,0.002859,0.002791,0.002826,0.002826,148555505,1.75E-06,0.248315005,-1.20E-05,-1.6985138
169,9/17/2020,0.002824,0.002859,0.002781,0.002814,0.002814,161305349,9.50E-06,1.368876081,-4.60E-05,-6.538734897
170,9/18/2020,0.002814,0.002825,0.002749,0.002804,0.002804,147868185,2.50E-07,0.035676061,-3.70E-05,-5.278174037
171,9/19/2020,0.002796,0.002814,0.002773,0.002794,0.002794,147046520,-9.50E-06,-1.34180791,-5.75E-05,-8.231925555
172,9/20/2020,0.002794,0.002806,0.002722,0.002778,0.002778,145951917,-1.20E-05,-1.6985138,-3.35E-05,-4.823614111
173,9/21/2020,0.002778,0.002802,0.002616,0.00263,0.00263,78753428,-4.60E-05,-6.538734897,1.90E-05,2.88973384
174,9/22/2020,0.002625,0.002672,0.002604,0.002656,0.002656,36467574,-3.70E-05,-5.278174037,1.30E-05,1.957831325
175,9/23/2020,0.002656,0.002675,0.002559,0.002564,0.002564,29993627,-5.75E-05,-8.231925555,3.43E-05,5.343213729
176,9/24/2020,0.002564,0.00266,0.002558,0.002644,0.002644,30967522,-3.35E-05,-4.823614111,3.50E-06,0.529500756
177,9/25/2020,0.002644,0.002719,0.002629,0.002706,0.002706,39515148,1.90E-05,2.88973384,-6.25E-06,-0.923872875
178,9/26/2020,0.002708,0.002749,0.002691,0.002708,0.002708,36770554,1.30E-05,1.957831325,-1.65E-05,-2.437223043
179,9/27/2020,0.002708,0.002733,0.002683,0.002701,0.002701,24673035,3.43E-05,5.343213729,-2.15E-05,-3.184005924
180,9/28/2020,0.002701,0.002739,0.002651,0.002658,0.002658,35610656,3.50E-06,0.529500756,-1.85E-05,-2.784048157
181,9/29/2020,0.002658,0.00271,0.002646,0.002681,0.002681,36596920,-6.25E-06,-0.923872875,-1.90E-05,-2.834763148
182,9/30/2020,0.00268,0.002688,0.002632,0.002642,0.002642,32195544,-1.65E-05,-2.437223043,1.00E-06,0.151400454
183,10/1/2020,0.002644,0.002678,0.002599,0.002615,0.002615,35974208,-2.15E-05,-3.184005924,3.00E-06,0.458891013
184,10/2/2020,0.002614,0.002614,0.002544,0.002584,0.002584,46978131,-1.85E-05,-2.784048157,6.50E-06,1.00619195
185,10/3/2020,0.002585,0.002636,0.002578,0.002605,0.002605,28617216,-1.90E-05,-2.834763148,-1.25E-06,-0.19193858
186,10/4/2020,0.002605,0.002672,0.002602,0.002646,0.002646,31175662,1.00E-06,0.151400454,-1.08E-05,-1.625094482
187,10/5/2020,0.002646,0.00266,0.002616,0.002627,0.002627,28690532,3.00E-06,0.458891013,-6.00E-06,-0.913589646
188,10/6/2020,0.002625,0.002637,0.00259,0.00261,0.00261,31952344,6.50E-06,1.00619195,1.13E-05,1.724137931
189,10/7/2020,0.00261,0.002613,0.002586,0.0026,0.0026,43259079,-1.25E-06,-0.19193858,1.85E-05,2.846153846
190,10/8/2020,0.002598,0.002633,0.002573,0.002603,0.002603,43957899,-1.08E-05,-1.625094482,1.78E-05,2.727621975
191,10/9/2020,null,null,null,null,null,null,-6.00E-06,-0.913589646,1.78E-05,2.727621975
192,10/10/2020,0.002654,0.002716,0.002654,0.002655,0.002655,96632426,1.13E-05,1.724137931,-4.50E-06,-0.677966102
193,10/11/2020,0.002667,0.002706,0.002649,0.002674,0.002674,107632465,1.85E-05,2.846153846,-2.03E-05,-3.029169783
194,10/12/2020,null,null,null,null,null,null,1.78E-05,2.727621975,-1.55E-05,-2.318623785
195,10/13/2020,null,null,null,null,null,null,1.78E-05,2.727621975,-2.33E-05,-3.477935677
196,10/14/2020,0.002634,0.002653,0.002618,0.002637,0.002637,87293434,-4.50E-06,-0.677966102,-1.28E-05,-1.934015927
197,10/15/2020,0.00265,0.002651,0.002569,0.002593,0.002593,83794207,-2.03E-05,-3.029169783,-7.50E-07,-0.115696105
198,10/16/2020,0.002595,0.002616,0.002557,0.002612,0.002612,117882236,-1.55E-05,-2.318623785,-2.75E-06,-0.421133231
199,10/17/2020,0.002603,0.002612,0.002573,0.002581,0.002581,125692391,-2.33E-05,-3.477935677,1.23E-05,1.898488958
200,10/18/2020,0.002581,0.002601,0.002577,0.002586,0.002586,72298803,-1.28E-05,-1.934015927,1.72E-05,2.668213457
201,10/19/2020,0.002595,0.002619,0.002572,0.00259,0.00259,91049562,-7.50E-07,-0.115696105,1.43E-05,2.200772201
202,10/20/2020,0.00259,0.002623,0.002581,0.002601,0.002601,65577101,-2.75E-06,-0.421133231,1.13E-05,1.730103806
203,10/21/2020,0.0026,0.002657,0.002594,0.00263,0.00263,45017115,1.23E-05,1.898488958,5.75E-06,0.874524715
204,10/22/2020,0.002627,0.002689,0.002624,0.002655,0.002655,44976453,1.72E-05,2.668213457,6.00E-06,0.903954802
205,10/23/2020,0.002649,0.002691,0.002637,0.002647,0.002647,46856082,1.43E-05,2.200772201,7.50E-06,1.133358519
206,10/24/2020,0.002647,0.002653,0.002624,0.002646,0.002646,44797614,1.13E-05,1.730103806,-1.28E-05,-1.927437642
207,10/25/2020,0.002645,0.002676,0.002624,0.002653,0.002653,58532388,5.75E-06,0.874524715,-1.80E-05,-2.713908783
208,10/26/2020,0.002653,0.002893,0.002636,0.002679,0.002679,122152251,6.00E-06,0.903954802,-2.03E-05,-3.023516237
209,10/27/2020,0.002679,0.002708,0.00263,0.002677,0.002677,78927089,7.50E-06,1.133358519,-2.53E-05,-3.77288009
210,10/28/2020,0.002677,0.002697,0.002575,0.002595,0.002595,72848720,-1.28E-05,-1.927437642,-3.25E-06,-0.500963391
211,10/29/2020,0.002595,0.002623,0.002518,0.002581,0.002581,58929515,-1.80E-05,-2.713908783,-1.60E-05,-2.479659047
212,10/30/2020,0.002581,0.002607,0.002533,0.002598,0.002598,63444097,-2.03E-05,-3.023516237,-1.75E-05,-2.694380293
213,10/31/2020,0.002598,0.002603,0.002556,0.002576,0.002576,56189318,-2.53E-05,-3.77288009,-1.08E-05,-1.669254658
214,11/1/2020,0.002576,0.00259,0.002561,0.002582,0.002582,45528682,-3.25E-06,-0.500963391,8.75E-06,1.355538342
215,11/2/2020,0.002582,0.002592,0.002515,0.002517,0.002517,50142376,-1.60E-05,-2.479659047,6.07E-05,9.654350417
216,11/3/2020,0.002517,0.00253,0.002452,0.002528,0.002528,62871653,-1.75E-05,-2.694380293,3.58E-05,5.65664557
217,11/4/2020,0.002528,0.002558,0.002497,0.002533,0.002533,52552651,-1.08E-05,-1.669254658,4.45E-05,7.027240426
218,11/5/2020,0.002533,0.002639,0.002496,0.002617,0.002617,31611963,8.75E-06,1.355538342,1.33E-05,2.025219717
219,11/6/2020,0.002617,0.002801,0.002608,0.00276,0.00276,54267546,6.07E-05,9.654350417,-1.75E-06,-0.253623188
220,11/7/2020,0.00276,0.002819,0.002612,0.002671,0.002671,44610219,3.58E-05,5.65664557,2.45E-05,3.669037814
221,11/8/2020,0.002671,0.002742,0.002658,0.002711,0.002711,22754531,4.45E-05,7.027240426,1.70E-05,2.50829952
222,11/9/2020,0.002711,0.002786,0.002663,0.00267,0.00267,28124348,1.33E-05,2.025219717,3.78E-05,5.655430712
223,11/10/2020,0.00267,0.002851,0.002655,0.002753,0.002753,39633173,-1.75E-06,-0.253623188,5.00E-06,0.726480203
224,11/11/2020,0.002753,0.002837,0.002753,0.002769,0.002769,33138759,2.45E-05,3.669037814,1.50E-06,0.216684724
225,11/12/2020,0.002769,0.002791,0.002747,0.002779,0.002779,24028261,1.70E-05,2.50829952,2.68E-05,3.850305865
226,11/13/2020,0.002779,0.002836,0.002777,0.002821,0.002821,29217750,3.78E-05,5.655430712,2.87E-05,4.076568593
227,11/14/2020,0.002821,0.002821,0.002721,0.002773,0.002773,30334380,5.00E-06,0.726480203,3.40E-05,4.904435629
228,11/15/2020,0.002773,0.002813,0.002739,0.002775,0.002775,25131683,1.50E-06,0.216684724,3.40E-05,4.900900901
229,11/16/2020,0.002775,0.003009,0.002757,0.002886,0.002886,52063283,2.68E-05,3.850305865,2.45E-05,3.395703396
230,11/17/2020,0.002908,0.002976,0.002886,0.002936,0.002936,46631464,2.87E-05,4.076568593,0.00014275,19.44822888
231,11/18/2020,0.002936,0.002999,0.002855,0.002909,0.002909,49460064,3.40E-05,4.904435629,0.000105,14.43795119
232,11/19/2020,0.002909,0.00296,0.002868,0.002911,0.002911,40330643,3.40E-05,4.900900901,0.00018425,25.31776022
233,11/20/2020,0.002911,0.003011,0.002908,0.002984,0.002984,57656465,2.45E-05,3.395703396,0.000305,40.8847185
234,11/21/2020,0.002984,0.003549,0.002984,0.003507,0.003507,162641694,0.00014275,19.44822888,5.50E-05,6.27316795
235,11/22/2020,0.003507,0.00366,0.003181,0.003329,0.003329,121660410,0.000105,14.43795119,-1.98E-05,-2.373085011
236,11/23/2020,0.003329,0.003648,0.003232,0.003648,0.003648,101561039,0.00018425,25.31776022,-9.33E-05,-10.2247807
237,11/24/2020,0.003645,0.004204,0.003579,0.004204,0.004204,266716036,0.000305,40.8847185,-0.00019975,-19.00570885
238,11/25/2020,0.0042,0.004256,0.003642,0.003727,0.003727,174459927,5.50E-05,6.27316795,-6.97E-05,-7.485913603
239,11/26/2020,0.003727,0.003793,0.00298,0.00325,0.00325,175520294,-1.98E-05,-2.373085011,7.53E-05,9.261538462
240,11/27/2020,0.00325,0.003355,0.003093,0.003275,0.003275,92323023,-9.33E-05,-10.2247807,1.50E-05,1.832061069
241,11/28/2020,0.003275,0.00347,0.003247,0.003405,0.003405,58033650,-0.00019975,-19.00570885,-7.75E-06,-0.910425844
242,11/29/2020,0.003405,0.00353,0.003358,0.003448,0.003448,46319972,-6.97E-05,-7.485913603,-5.00E-06,-0.580046404
243,11/30/2020,0.003448,0.00358,0.003414,0.003551,0.003551,68622736,7.53E-05,9.261538462,-6.32E-05,-7.124753591
244,12/1/2020,0.003551,0.003572,0.003269,0.003335,0.003335,80163603,1.50E-05,1.832061069,1.55E-05,1.859070465
245,12/2/2020,0.003335,0.003436,0.003293,0.003374,0.003374,58705661,-7.75E-06,-0.910425844,3.50E-06,0.414937759
246,12/3/2020,0.003375,0.0035,0.003352,0.003428,0.003428,47907032,-5.00E-06,-0.580046404,-2.15E-05,-2.508751459
247,12/4/2020,0.003429,0.003447,0.003285,0.003298,0.003298,45062222,-6.32E-05,-7.124753591,-2.98E-05,-3.608247423
248,12/5/2020,0.003297,0.003414,0.003268,0.003397,0.003397,43386583,1.55E-05,1.859070465,-5.97E-05,-7.035619664
249,12/6/2020,0.003397,0.003442,0.003343,0.003388,0.003388,40936574,3.50E-06,0.414937759,-7.08E-05,-8.353010626
250,12/7/2020,0.003388,0.0034,0.00332,0.003342,0.003342,36923814,-2.15E-05,-2.508751459,-6.57E-05,-7.869539198
251,12/8/2020,0.003343,0.003361,0.003138,0.003179,0.003179,52702701,-2.98E-05,-3.608247423,-4.00E-06,-0.503302925
252,12/9/2020,0.003179,0.003182,0.003016,0.003158,0.003158,45746722,-5.97E-05,-7.035619664,2.45E-05,3.103229892
253,12/10/2020,0.003158,0.003165,0.003066,0.003105,0.003105,33740988,-7.08E-05,-8.353010626,3.15E-05,4.057971014
254,12/11/2020,0.003105,0.00311,0.003009,0.003079,0.003079,41712942,-6.57E-05,-7.869539198,3.18E-05,4.124715817
255,12/12/2020,0.003079,0.003184,0.003075,0.003163,0.003163,35466155,-4.00E-06,-0.503302925,6.33E-05,7.998735378
256,12/13/2020,0.003164,0.003274,0.003153,0.003256,0.003256,37464323,2.45E-05,3.103229892,0.0001185,14.55773956
257,12/14/2020,0.003256,0.003279,0.003199,0.003231,0.003231,36238516,3.15E-05,4.057971014,0.00015675,19.40575673
258,12/15/2020,0.00323,0.00325,0.003178,0.003206,0.003206,37127782,3.18E-05,4.124715817,0.00018025,22.48908297
259,12/16/2020,0.003205,0.003422,0.003186,0.003416,0.003416,50989880,6.33E-05,7.998735378,0.00030225,35.39227166
260,12/17/2020,0.003416,0.004113,0.003406,0.00373,0.00373,172736659,0.0001185,14.55773956,0.00026425,28.33780161
261,12/18/2020,0.00373,0.00397,0.003618,0.003858,0.003858,101799430,0.00015675,19.40575673,0.0001625,16.84810783
262,12/19/2020,0.003859,0.004018,0.00381,0.003927,0.003927,98447179,0.00018025,22.48908297,-3.98E-05,-4.048892284
263,12/20/2020,0.003926,0.004678,0.003827,0.004625,0.004625,508066004,0.00030225,35.39227166,-1.37E-05,-1.189189189
264,12/21/2020,0.004627,0.005406,0.004363,0.004787,0.004787,664160057,0.00026425,28.33780161,-5.12E-05,-4.282431586
265,12/22/2020,0.004784,0.004843,0.00437,0.004508,0.004508,239288785,0.0001625,16.84810783,-3.50E-06,-0.310559006
266,12/23/2020,0.004508,0.004735,0.00364,0.003768,0.003768,205080908,-3.98E-05,-4.048892284,0.000195,20.70063694
267,12/24/2020,0.003768,0.004577,0.003697,0.00457,0.00457,143405580,-1.37E-05,-1.189189189,5.50E-06,0.481400438
268,12/25/2020,0.00457,0.004613,0.004395,0.004582,0.004582,136819917,-5.12E-05,-4.282431586,-2.40E-05,-2.095154954
269,12/26/2020,0.004581,0.00464,0.004423,0.004494,0.004494,151728507,-3.50E-06,-0.310559006,3.55E-05,3.15976858
270,12/27/2020,0.004493,0.004805,0.004429,0.004548,0.004548,154526399,0.000195,20.70063694,3.35E-05,2.946350044
271,12/28/2020,0.004548,0.004716,0.004523,0.004592,0.004592,99641525,5.50E-06,0.481400438,0.00027325,23.80226481
272,12/29/2020,0.004592,0.004608,0.004278,0.004486,0.004486,90876497,-2.40E-05,-2.095154954,0.00153225,136.6250557
273,12/30/2020,0.004487,0.004703,0.004453,0.004636,0.004636,94834499,3.55E-05,3.15976858,0.00128375,110.7635893
274,12/31/2020,0.004636,0.004743,0.004553,0.004682,0.004682,85498337,3.35E-05,2.946350044,0.00127125,108.6074327
275,1/1/2021,0.004681,0.005685,0.004615,0.005685,0.005685,228961515,0.00027325,23.80226481,0.00105875,74.4942832
276,1/2/2021,0.005686,0.013698,0.005584,0.010615,0.010615,3421562680,0.00153225,136.6250557,-3.75E-05,-1.413094677
277,1/3/2021,0.010602,0.013867,0.009409,0.009771,0.009771,2707003608,0.00128375,110.7635893,-7.25E-06,-0.296796643
278,1/4/2021,0.009785,0.011421,0.007878,0.009767,0.009767,1372398979,0.00127125,108.6074327,1.98E-05,0.808846114
279,1/5/2021,0.009767,0.010219,0.008972,0.00992,0.00992,687256067,0.00105875,74.4942832,6.85E-05,2.762096774
280,1/6/2021,0.009923,0.010854,0.009685,0.010465,0.010465,749915516,-3.75E-05,-1.413094677,-0.00015125,-5.781175346
281,1/7/2021,0.010454,0.010532,0.009162,0.009742,0.009742,520644706,-7.25E-06,-0.296796643,-0.00022675,-9.310203244
282,1/8/2021,0.009743,0.010285,0.008986,0.009846,0.009846,394462164,1.98E-05,0.808846114,-0.00044575,-18.1088767
283,1/9/2021,0.009833,0.01074,0.00974,0.010194,0.010194,485842353,6.85E-05,2.762096774,-0.0003945,-15.47969394
284,1/10/2021,0.010193,0.010867,0.009177,0.00986,0.00986,458583519,-0.00015125,-5.781175346,-0.00011575,-4.695740365
285,1/11/2021,0.009858,0.009858,0.00677,0.008835,0.008835,637956958,-0.00022675,-9.310203244,0.0001335,6.044142615
286,1/12/2021,0.00883,0.009145,0.007904,0.008063,0.008063,333308457,-0.00044575,-18.1088767,0.0003005,14.90760263
287,1/13/2021,0.008062,0.008646,0.007787,0.008616,0.008616,240079033,-0.0003945,-15.47969394,0.00011275,5.234447539
288,1/14/2021,0.008619,0.01003,0.008349,0.009397,0.009397,428369039,-0.00011575,-4.695740365,-5.65E-05,-2.40502288
289,1/15/2021,0.009389,0.009796,0.00846,0.009369,0.009369,398965925,0.0001335,6.044142615,-6.78E-05,-2.892517878
290,1/16/2021,0.009367,0.009531,0.00914,0.009265,0.009265,258630480,0.0003005,14.90760263,-5.13E-05,-2.212628171
291,1/17/2021,0.009263,0.009367,0.008841,0.009067,0.009067,254487989,0.00011275,5.234447539,-0.00022525,-9.937134664
292,1/18/2021,0.00907,0.009295,0.008981,0.009171,0.009171,205025648,-5.65E-05,-2.40502288,-0.00016175,-7.0548468
293,1/19/2021,0.009172,0.009613,0.00902,0.009098,0.009098,249242632,-6.78E-05,-2.892517878,-0.00012975,-5.704550451
294,1/20/2021,0.009096,0.009153,0.008529,0.00906,0.00906,220205442,-5.13E-05,-2.212628171,-8.33E-05,-3.675496689
295,1/21/2021,0.009062,0.009089,0.008061,0.008166,0.008166,215419839,-0.00022525,-9.937134664,5.43E-05,2.657359784
296,1/22/2021,0.008165,0.008769,0.007654,0.008524,0.008524,185490003,-0.00016175,-7.0548468,-6.73E-05,-3.155795401
297,1/23/2021,0.00852,0.008808,0.008388,0.008579,0.008579,154393737,-0.00012975,-5.704550451,-0.00027425,-12.78703812
298,1/24/2021,0.008578,0.008951,0.008516,0.008727,0.008727,162191977,-8.33E-05,-3.675496689,0.000957,43.86387075
299,1/25/2021,0.008727,0.008879,0.008276,0.008383,0.008383,180820875,5.43E-05,2.657359784,0.00969475,462.5909579
300,1/26/2021,0.008382,0.008456,0.008022,0.008255,0.008255,161173749,-6.73E-05,-3.155795401,0.00498025,241.3204119
301,1/27/2021,0.008255,0.008259,0.007294,0.007482,0.007482,204797186,-0.00027425,-12.78703812,0.0074285,397.1398022
302,1/28/2021,0.007481,0.013826,0.007351,0.012555,0.012555,2125005503,0.000957,43.86387075,0.00558,177.7777778
303,1/29/2021,0.043734,0.077973,0.032341,0.047162,0.047162,25403310432,0.00969475,462.5909579,-0.0039105,-33.16653238
304,1/30/2021,0.046803,0.049901,0.022488,0.028176,0.028176,8735576553,0.00498025,241.3204119,0.002236,31.74332765
305,1/31/2021,0.028191,0.045289,0.027102,0.037196,0.037196,8548997882,0.0074285,397.1398022,0.00402325,43.26540488
306,2/1/2021,0.037054,0.04325,0.033367,0.034875,0.034875,6319224026,0.00558,177.7777778,0.003015,34.58064516
307,2/2/2021,0.03491,0.034926,0.029195,0.03152,0.03152,3090896595,-0.0039105,-33.16653238,0.00651875,82.72525381
308,2/3/2021,0.031493,0.039105,0.031146,0.03712,0.03712,3146856788,0.002236,31.74332765,0.0104155,112.2359914
309,2/4/2021,0.037226,0.057869,0.035945,0.053289,0.053289,13040837601,0.00402325,43.26540488,0.006384,47.91983336
310,2/5/2021,0.053043,0.05374,0.04354,0.046935,0.046935,6136160058,0.003015,34.58064516,0.00578375,49.29157345
311,2/6/2021,0.046931,0.058308,0.044904,0.057595,0.057595,5946101275,0.00651875,82.72525381,0.00382525,26.56654223
312,2/7/2021,0.057502,0.084357,0.054239,0.078782,0.078782,14261024073,0.0104155,112.2359914,-0.0022765,-11.55847782
313,2/8/2021,0.078352,0.084945,0.064702,0.078825,0.078825,12844375210,0.006384,47.91983336,-0.002189,-11.10815097
314,2/9/2021,0.078773,0.083128,0.065621,0.07007,0.07007,7348840814,0.00578375,49.29157345,-0.000905,-5.166262309
315,2/10/2021,0.070111,0.081091,0.068525,0.072896,0.072896,6785088422,0.00382525,26.56654223,-0.00258975,-14.21065628
316,2/11/2021,0.072844,0.074301,0.06829,0.069676,0.069676,3818556739,-0.0022765,-11.55847782,-0.00327125,-18.7797807
317,2/12/2021,0.06965,0.07261,0.061445,0.070069,0.070069,4190843784,-0.002189,-11.10815097,-0.00413725,-23.61814783
318,2/13/2021,0.070025,0.071646,0.066135,0.06645,0.06645,2618049766,-0.000905,-5.166262309,-0.0042685,-25.69450715
319,2/14/2021,0.066448,0.066448,0.056723,0.062537,0.062537,3984667628,-0.00258975,-14.21065628,-0.000749,-4.790763868
320,2/15/2021,0.062568,0.063924,0.048547,0.056591,0.056591,4944804938,-0.00327125,-18.7797807,-0.000363,-2.565779011
321,2/16/2021,0.056488,0.059668,0.050983,0.05352,0.05352,3409478696,-0.00413725,-23.61814783,0.000216,1.614349776
322,2/17/2021,0.053522,0.054983,0.048034,0.049376,0.049376,2976148723,-0.0042685,-25.69450715,0.001651,13.37491899
323,2/18/2021,0.049363,0.061799,0.048989,0.059541,0.059541,4551943638,-0.000749,-4.790763868,-0.001454,-9.768058985
324,2/19/2021,0.059434,0.059497,0.054315,0.055139,0.055139,2949251418,-0.000363,-2.565779011,-0.00193675,-14.0499465
325,2/20/2021,0.055132,0.060286,0.051628,0.054384,0.054384,3175468554,0.000216,1.614349776,0.00054275,3.991982936
326,2/21/2021,0.054369,0.058428,0.053556,0.05598,0.05598,2450293068,0.001651,13.37491899,-0.00145325,-10.38406574
327,2/22/2021,0.056044,0.060466,0.047096,0.053725,0.053725,3366757324,-0.001454,-9.768058985,-0.00081125,-6.040018613
328,2/23/2021,0.053698,0.053768,0.04241,0.047392,0.047392,2394345361,-0.00193675,-14.0499465,0.00067275,5.678173531
329,2/24/2021,0.047414,0.059873,0.046216,0.056555,0.056555,4148511571,0.00054275,3.991982936,-0.00212575,-15.03492176
330,2/25/2021,0.056615,0.057808,0.049869,0.050167,0.050167,2356982022,-0.00145325,-10.38406574,0.000108,0.861123846
331,2/26/2021,0.050138,0.052472,0.048708,0.05048,0.05048,1694323466,-0.00081125,-6.040018613,-5.45E-05,-0.4318542
332,2/27/2021,0.0505,0.05192,0.049297,0.050083,0.050083,1286229526,0.00067275,5.678173531,0.00012725,1.016312921
333,2/28/2021,0.050097,0.050134,0.045088,0.048052,0.048052,1408101260,-0.00212575,-15.03492176,0.000499,4.153833347
334,3/1/2021,0.04807,0.051479,0.048029,0.050599,0.050599,1494427207,0.000108,0.861123846,-0.0002475,-1.956560406
335,3/2/2021,0.050596,0.052382,0.049299,0.050262,0.050262,1346282318,-5.45E-05,-0.4318542,0.0001805,1.436472882
336,3/3/2021,0.050278,0.052126,0.050078,0.050592,0.050592,1093877445,0.00012725,1.016312921,0.0003825,3.024193548
337,3/4/2021,0.050587,0.051087,0.047879,0.050048,0.050048,1170617084,0.000499,4.153833347,0.00297525,23.77917199
338,3/5/2021,0.050028,0.050854,0.048147,0.049609,0.049609,1173113591,-0.0002475,-1.956560406,0.00209725,16.91023806
339,3/6/2021,0.049601,0.052397,0.049383,0.050984,0.050984,1480482384,0.0001805,1.436472882,0.001255,9.846226267
340,3/7/2021,0.05098,0.052141,0.050572,0.052122,0.052122,945455832,0.0003825,3.024193548,0.000949,7.282913165
341,3/8/2021,0.052123,0.061949,0.051672,0.061949,0.061949,3554150800,0.00297525,23.77917199,-0.00165,-10.653925
342,3/9/2021,0.062104,0.062268,0.056051,0.057998,0.057998,2466159943,0.00209725,16.91023806,0.0011085,7.64509121
343,3/10/2021,0.057964,0.058616,0.054692,0.056004,0.056004,1534489620,0.001255,9.846226267,0.000647,4.621098493
344,3/11/2021,0.055977,0.056698,0.054502,0.055918,0.055918,1233383425,0.000949,7.282913165,0.0002925,2.092349512
345,3/12/2021,0.055921,0.05698,0.054513,0.055349,0.055349,1287767221,-0.00165,-10.653925,0.0008145,5.886285208
346,3/13/2021,0.055353,0.062432,0.054756,0.062432,0.062432,1869833076,0.0011085,7.64509121,-0.00119475,-7.654728344
347,3/14/2021,0.062384,0.063052,0.058592,0.058592,0.058592,2752132530,0.000647,4.621098493,-0.00030225,-2.063421628
348,3/15/2021,0.058531,0.059689,0.055141,0.057088,0.057088,1738710876,0.0002925,2.092349512,0.00031,2.172085202
349,3/16/2021,0.057086,0.058921,0.055493,0.058607,0.058607,1393771913,0.0008145,5.886285208,8.85E-05,0.60402341
350,3/17/2021,0.05861,0.058866,0.056471,0.057653,0.057653,861926643,-0.00119475,-7.654728344,-0.00010475,-0.726761834
351,3/18/2021,0.05764,0.058828,0.054143,0.057383,0.057383,909777445,-0.00030225,-2.063421628,-0.00060525,-4.21901957
352,3/19/2021,0.057377,0.059721,0.056604,0.058328,0.058328,964747809,0.00031,2.172085202,-0.001193,-8.181319435
353,3/20/2021,0.058315,0.060639,0.05812,0.058961,0.058961,1012934488,8.85E-05,0.60402341,-0.00181475,-12.31152796
354,3/21/2021,0.05897,0.059521,0.056798,0.057234,0.057234,759592996,-0.00010475,-0.726761834,-0.0014465,-10.10937555
355,3/22/2021,0.057259,0.057732,0.054909,0.054962,0.054962,696918565,-0.00060525,-4.21901957,-0.0002525,-1.837633274
356,3/23/2021,0.054941,0.056081,0.05294,0.053556,0.053556,1040781777,-0.001193,-8.181319435,0.00020525,1.53297483
357,3/24/2021,0.053528,0.056494,0.051242,0.051702,0.051702,934537959,-0.00181475,-12.31152796,0.000499,3.860585664
358,3/25/2021,0.051699,0.052407,0.049697,0.051448,0.051448,1084214116,-0.0014465,-10.10937555,0.000651,5.061421241
359,3/26/2021,0.051433,0.054028,0.051331,0.053952,0.053952,776280028,-0.0002525,-1.837633274,-1.30E-05,-0.096381969
360,3/27/2021,0.05394,0.055435,0.053528,0.054377,0.054377,753844053,0.00020525,1.53297483,-0.00018,-1.324089229
361,3/28/2021,0.054381,0.054752,0.053013,0.053698,0.053698,460472975,0.000499,3.860585664,0.0014735,10.97620023
362,3/29/2021,0.053678,0.054651,0.053175,0.054052,0.054052,537919140,0.000651,5.061421241,NA,NA
363,3/30/2021,0.054052,0.055434,0.053697,0.0539,0.0539,728906171,-1.30E-05,-0.096381969,NA,NA
364,3/31/2021,0.053902,0.054468,0.052269,0.053657,0.053657,653389282,-0.00018,-1.324089229,NA,NA
365,4/1/2021,0.05928,0.06176,0.05881,0.059592,0.059592,6103317504,0.0014735,10.97620023,NA,NA
